id,magazine_id,content,vector_representation
1,195,consectetur adipiscing elit.,
2,590,Lorem ipsum dolor sit amet,
3,562,consectetur adipiscing elit.,
4,460,consectetur adipiscing elit.,
5,601,Lorem ipsum dolor sit amet,
6,866,Ut enim ad minim veniam,
7,157,Lorem ipsum dolor sit amet,
8,817,Lorem ipsum dolor sit amet,
9,115,Ut enim ad minim veniam,
10,530,Sed do eiusmod tempor incididunt ut labore et dolore magna aliqua.,
11,361,Lorem ipsum dolor sit amet,
12,285,consectetur adipiscing elit.,
13,79,Lorem ipsum dolor sit amet,
14,792,Lorem ipsum dolor sit amet,
15,785,quis nostrud exercitation ullamco laboris nisi ut aliquip ex ea commodo consequat.,
16,549,consectetur adipiscing elit.,
17,948,Ut enim ad minim veniam,
18,216,Sed do eiusmod tempor incididunt ut labore et dolore magna aliqua.,
19,120,Lorem ipsum dolor sit amet,
20,970,consectetur adipiscing elit.,
21,534,Lorem ipsum dolor sit amet,
22,26,Sed do eiusmod tempor incididunt ut labore et dolore magna aliqua.,
23,253,Ut enim ad minim veniam,
24,130,quis nostrud exercitation ullamco laboris nisi ut aliquip ex ea commodo consequat.,
25,421,Sed do eiusmod tempor incididunt ut labore et dolore magna aliqua.,
26,878,consectetur adipiscing elit.,
27,992,consectetur adipiscing elit.,
28,748,Ut enim ad minim veniam,
29,752,consectetur adipiscing elit.,
30,524,quis nostrud exercitation ullamco laboris nisi ut aliquip ex ea commodo consequat.,
31,692,Sed do eiusmod tempor incididunt ut labore et dolore magna aliqua.,
32,640,quis nostrud exercitation ullamco laboris nisi ut aliquip ex ea commodo consequat.,
33,689,Lorem ipsum dolor sit amet,
34,864,Sed do eiusmod tempor incididunt ut labore et dolore magna aliqua.,
35,951,Ut enim ad minim veniam,
36,698,quis nostrud exercitation ullamco laboris nisi ut aliquip ex ea commodo consequat.,
37,234,consectetur adipiscing elit.,
38,374,Sed do eiusmod tempor incididunt ut labore et dolore magna aliqua.,
39,775,Lorem ipsum dolor sit amet,
40,367,Ut enim ad minim veniam,
41,412,quis nostrud exercitation ullamco laboris nisi ut aliquip ex ea commodo consequat.,
42,818,consectetur adipiscing elit.,
43,994,Lorem ipsum dolor sit amet,
44,521,quis nostrud exercitation ullamco laboris nisi ut aliquip ex ea commodo consequat.,
45,141,Ut enim ad minim veniam,
46,996,consectetur adipiscing elit.,
47,41,Ut enim ad minim veniam,
48,201,Ut enim ad minim veniam,
49,634,quis nostrud exercitation ullamco laboris nisi ut aliquip ex ea commodo consequat.,
50,562,quis nostrud exercitation ullamco laboris nisi ut aliquip ex ea commodo consequat.,
51,642,Lorem ipsum dolor sit amet,
52,545,quis nostrud exercitation ullamco laboris nisi ut aliquip ex ea commodo consequat.,
53,588,quis nostrud exercitation ullamco laboris nisi ut aliquip ex ea commodo consequat.,
54,417,Ut enim ad minim veniam,
55,952,quis nostrud exercitation ullamco laboris nisi ut aliquip ex ea commodo consequat.,
56,835,Sed do eiusmod tempor incididunt ut labore et dolore magna aliqua.,
57,1000,Lorem ipsum dolor sit amet,
58,749,Ut enim ad minim veniam,
59,22,Lorem ipsum dolor sit amet,
60,174,Ut enim ad minim veniam,
61,66,consectetur adipiscing elit.,
62,4,Sed do eiusmod tempor incididunt ut labore et dolore magna aliqua.,
63,448,Lorem ipsum dolor sit amet,
64,307,consectetur adipiscing elit.,
65,325,Lorem ipsum dolor sit amet,
66,466,consectetur adipiscing elit.,
67,165,consectetur adipiscing elit.,
68,443,Sed do eiusmod tempor incididunt ut labore et dolore magna aliqua.,
69,173,Sed do eiusmod tempor incididunt ut labore et dolore magna aliqua.,
70,691,Lorem ipsum dolor sit amet,
71,475,consectetur adipiscing elit.,
72,184,quis nostrud exercitation ullamco laboris nisi ut aliquip ex ea commodo consequat.,
73,1,consectetur adipiscing elit.,
74,350,quis nostrud exercitation ullamco laboris nisi ut aliquip ex ea commodo consequat.,
75,827,consectetur adipiscing elit.,
76,689,consectetur adipiscing elit.,
77,151,quis nostrud exercitation ullamco laboris nisi ut aliquip ex ea commodo consequat.,
78,268,Sed do eiusmod tempor incididunt ut labore et dolore magna aliqua.,
79,446,quis nostrud exercitation ullamco laboris nisi ut aliquip ex ea commodo consequat.,
80,708,consectetur adipiscing elit.,
81,732,Ut enim ad minim veniam,
82,77,quis nostrud exercitation ullamco laboris nisi ut aliquip ex ea commodo consequat.,
83,433,Ut enim ad minim veniam,
84,441,consectetur adipiscing elit.,
85,939,consectetur adipiscing elit.,
86,488,Ut enim ad minim veniam,
87,867,Ut enim ad minim veniam,
88,177,Ut enim ad minim veniam,
89,797,Lorem ipsum dolor sit amet,
90,706,consectetur adipiscing elit.,
91,351,Ut enim ad minim veniam,
92,1000,Lorem ipsum dolor sit amet,
93,411,quis nostrud exercitation ullamco laboris nisi ut aliquip ex ea commodo consequat.,
94,698,consectetur adipiscing elit.,
95,769,Lorem ipsum dolor sit amet,
96,991,consectetur adipiscing elit.,
97,933,Sed do eiusmod tempor incididunt ut labore et dolore magna aliqua.,
98,309,Ut enim ad minim veniam,
99,17,consectetur adipiscing elit.,
100,126,Lorem ipsum dolor sit amet,
101,579,Lorem ipsum dolor sit amet,
102,894,Sed do eiusmod tempor incididunt ut labore et dolore magna aliqua.,
103,863,quis nostrud exercitation ullamco laboris nisi ut aliquip ex ea commodo consequat.,
104,798,consectetur adipiscing elit.,
105,875,Ut enim ad minim veniam,
106,582,Lorem ipsum dolor sit amet,
107,143,consectetur adipiscing elit.,
108,572,Ut enim ad minim veniam,
109,480,consectetur adipiscing elit.,
110,185,Sed do eiusmod tempor incididunt ut labore et dolore magna aliqua.,
111,893,Sed do eiusmod tempor incididunt ut labore et dolore magna aliqua.,
112,527,quis nostrud exercitation ullamco laboris nisi ut aliquip ex ea commodo consequat.,
113,29,Sed do eiusmod tempor incididunt ut labore et dolore magna aliqua.,
114,858,quis nostrud exercitation ullamco laboris nisi ut aliquip ex ea commodo consequat.,
115,853,Ut enim ad minim veniam,
116,540,Sed do eiusmod tempor incididunt ut labore et dolore magna aliqua.,
117,978,Ut enim ad minim veniam,
118,370,quis nostrud exercitation ullamco laboris nisi ut aliquip ex ea commodo consequat.,
119,398,quis nostrud exercitation ullamco laboris nisi ut aliquip ex ea commodo consequat.,
120,328,Lorem ipsum dolor sit amet,
121,51,quis nostrud exercitation ullamco laboris nisi ut aliquip ex ea commodo consequat.,
122,962,Ut enim ad minim veniam,
123,153,quis nostrud exercitation ullamco laboris nisi ut aliquip ex ea commodo consequat.,
124,210,Lorem ipsum dolor sit amet,
125,129,Ut enim ad minim veniam,
126,965,consectetur adipiscing elit.,
127,968,Lorem ipsum dolor sit amet,
128,874,Lorem ipsum dolor sit amet,
129,65,Lorem ipsum dolor sit amet,
130,517,Sed do eiusmod tempor incididunt ut labore et dolore magna aliqua.,
131,215,quis nostrud exercitation ullamco laboris nisi ut aliquip ex ea commodo consequat.,
132,857,consectetur adipiscing elit.,
133,766,quis nostrud exercitation ullamco laboris nisi ut aliquip ex ea commodo consequat.,
134,451,Lorem ipsum dolor sit amet,
135,956,quis nostrud exercitation ullamco laboris nisi ut aliquip ex ea commodo consequat.,
136,674,Lorem ipsum dolor sit amet,
137,705,consectetur adipiscing elit.,
138,740,Ut enim ad minim veniam,
139,143,Ut enim ad minim veniam,
140,141,consectetur adipiscing elit.,
141,411,quis nostrud exercitation ullamco laboris nisi ut aliquip ex ea commodo consequat.,
142,699,quis nostrud exercitation ullamco laboris nisi ut aliquip ex ea commodo consequat.,
143,730,Sed do eiusmod tempor incididunt ut labore et dolore magna aliqua.,
144,902,Lorem ipsum dolor sit amet,
145,262,quis nostrud exercitation ullamco laboris nisi ut aliquip ex ea commodo consequat.,
146,268,Ut enim ad minim veniam,
147,831,Lorem ipsum dolor sit amet,
148,871,Lorem ipsum dolor sit amet,
149,22,consectetur adipiscing elit.,
150,736,Sed do eiusmod tempor incididunt ut labore et dolore magna aliqua.,
151,234,quis nostrud exercitation ullamco laboris nisi ut aliquip ex ea commodo consequat.,
152,958,quis nostrud exercitation ullamco laboris nisi ut aliquip ex ea commodo consequat.,
153,52,Sed do eiusmod tempor incididunt ut labore et dolore magna aliqua.,
154,843,Sed do eiusmod tempor incididunt ut labore et dolore magna aliqua.,
155,21,consectetur adipiscing elit.,
156,312,Ut enim ad minim veniam,
157,932,consectetur adipiscing elit.,
158,16,Lorem ipsum dolor sit amet,
159,129,Sed do eiusmod tempor incididunt ut labore et dolore magna aliqua.,
160,474,Sed do eiusmod tempor incididunt ut labore et dolore magna aliqua.,
161,2,Ut enim ad minim veniam,
162,753,consectetur adipiscing elit.,
163,26,quis nostrud exercitation ullamco laboris nisi ut aliquip ex ea commodo consequat.,
164,493,consectetur adipiscing elit.,
165,631,consectetur adipiscing elit.,
166,735,consectetur adipiscing elit.,
167,546,Sed do eiusmod tempor incididunt ut labore et dolore magna aliqua.,
168,976,Sed do eiusmod tempor incididunt ut labore et dolore magna aliqua.,
169,548,Ut enim ad minim veniam,
170,861,quis nostrud exercitation ullamco laboris nisi ut aliquip ex ea commodo consequat.,
171,873,quis nostrud exercitation ullamco laboris nisi ut aliquip ex ea commodo consequat.,
172,430,quis nostrud exercitation ullamco laboris nisi ut aliquip ex ea commodo consequat.,
173,506,Lorem ipsum dolor sit amet,
174,944,Ut enim ad minim veniam,
175,614,consectetur adipiscing elit.,
176,172,quis nostrud exercitation ullamco laboris nisi ut aliquip ex ea commodo consequat.,
177,267,quis nostrud exercitation ullamco laboris nisi ut aliquip ex ea commodo consequat.,
178,493,quis nostrud exercitation ullamco laboris nisi ut aliquip ex ea commodo consequat.,
179,773,quis nostrud exercitation ullamco laboris nisi ut aliquip ex ea commodo consequat.,
180,469,consectetur adipiscing elit.,
181,632,Lorem ipsum dolor sit amet,
182,153,consectetur adipiscing elit.,
183,692,Sed do eiusmod tempor incididunt ut labore et dolore magna aliqua.,
184,904,consectetur adipiscing elit.,
185,894,Sed do eiusmod tempor incididunt ut labore et dolore magna aliqua.,
186,443,Sed do eiusmod tempor incididunt ut labore et dolore magna aliqua.,
187,766,consectetur adipiscing elit.,
188,555,Ut enim ad minim veniam,
189,543,Lorem ipsum dolor sit amet,
190,994,quis nostrud exercitation ullamco laboris nisi ut aliquip ex ea commodo consequat.,
191,389,quis nostrud exercitation ullamco laboris nisi ut aliquip ex ea commodo consequat.,
192,72,quis nostrud exercitation ullamco laboris nisi ut aliquip ex ea commodo consequat.,
193,402,Ut enim ad minim veniam,
194,741,consectetur adipiscing elit.,
195,31,consectetur adipiscing elit.,
196,565,Ut enim ad minim veniam,
197,162,Ut enim ad minim veniam,
198,628,Sed do eiusmod tempor incididunt ut labore et dolore magna aliqua.,
199,949,Sed do eiusmod tempor incididunt ut labore et dolore magna aliqua.,
200,294,Sed do eiusmod tempor incididunt ut labore et dolore magna aliqua.,
201,282,quis nostrud exercitation ullamco laboris nisi ut aliquip ex ea commodo consequat.,
202,809,Lorem ipsum dolor sit amet,
203,530,Ut enim ad minim veniam,
204,64,consectetur adipiscing elit.,
205,674,Ut enim ad minim veniam,
206,114,Sed do eiusmod tempor incididunt ut labore et dolore magna aliqua.,
207,71,Ut enim ad minim veniam,
208,521,quis nostrud exercitation ullamco laboris nisi ut aliquip ex ea commodo consequat.,
209,70,Sed do eiusmod tempor incididunt ut labore et dolore magna aliqua.,
210,83,Lorem ipsum dolor sit amet,
211,709,Ut enim ad minim veniam,
212,19,consectetur adipiscing elit.,
213,55,Ut enim ad minim veniam,
214,249,quis nostrud exercitation ullamco laboris nisi ut aliquip ex ea commodo consequat.,
215,79,quis nostrud exercitation ullamco laboris nisi ut aliquip ex ea commodo consequat.,
216,891,Ut enim ad minim veniam,
217,612,Sed do eiusmod tempor incididunt ut labore et dolore magna aliqua.,
218,970,Lorem ipsum dolor sit amet,
219,267,quis nostrud exercitation ullamco laboris nisi ut aliquip ex ea commodo consequat.,
220,366,Sed do eiusmod tempor incididunt ut labore et dolore magna aliqua.,
221,45,Sed do eiusmod tempor incididunt ut labore et dolore magna aliqua.,
222,455,Sed do eiusmod tempor incididunt ut labore et dolore magna aliqua.,
223,973,Ut enim ad minim veniam,
224,879,quis nostrud exercitation ullamco laboris nisi ut aliquip ex ea commodo consequat.,
225,279,consectetur adipiscing elit.,
226,60,Lorem ipsum dolor sit amet,
227,672,Sed do eiusmod tempor incididunt ut labore et dolore magna aliqua.,
228,429,Ut enim ad minim veniam,
229,430,quis nostrud exercitation ullamco laboris nisi ut aliquip ex ea commodo consequat.,
230,967,consectetur adipiscing elit.,
231,549,consectetur adipiscing elit.,
232,570,Ut enim ad minim veniam,
233,272,Sed do eiusmod tempor incididunt ut labore et dolore magna aliqua.,
234,585,Lorem ipsum dolor sit amet,
235,87,Sed do eiusmod tempor incididunt ut labore et dolore magna aliqua.,
236,405,consectetur adipiscing elit.,
237,530,quis nostrud exercitation ullamco laboris nisi ut aliquip ex ea commodo consequat.,
238,851,Lorem ipsum dolor sit amet,
239,989,Lorem ipsum dolor sit amet,
240,169,consectetur adipiscing elit.,
241,412,quis nostrud exercitation ullamco laboris nisi ut aliquip ex ea commodo consequat.,
242,156,Lorem ipsum dolor sit amet,
243,620,Sed do eiusmod tempor incididunt ut labore et dolore magna aliqua.,
244,590,Sed do eiusmod tempor incididunt ut labore et dolore magna aliqua.,
245,475,quis nostrud exercitation ullamco laboris nisi ut aliquip ex ea commodo consequat.,
246,759,Sed do eiusmod tempor incididunt ut labore et dolore magna aliqua.,
247,364,Ut enim ad minim veniam,
248,882,Ut enim ad minim veniam,
249,275,Sed do eiusmod tempor incididunt ut labore et dolore magna aliqua.,
250,643,Ut enim ad minim veniam,
251,902,Lorem ipsum dolor sit amet,
252,393,Sed do eiusmod tempor incididunt ut labore et dolore magna aliqua.,
253,848,Lorem ipsum dolor sit amet,
254,96,quis nostrud exercitation ullamco laboris nisi ut aliquip ex ea commodo consequat.,
255,283,Ut enim ad minim veniam,
256,262,Sed do eiusmod tempor incididunt ut labore et dolore magna aliqua.,
257,215,Sed do eiusmod tempor incididunt ut labore et dolore magna aliqua.,
258,303,Ut enim ad minim veniam,
259,618,Ut enim ad minim veniam,
260,121,quis nostrud exercitation ullamco laboris nisi ut aliquip ex ea commodo consequat.,
261,450,Ut enim ad minim veniam,
262,532,Ut enim ad minim veniam,
263,244,Ut enim ad minim veniam,
264,830,consectetur adipiscing elit.,
265,7,Lorem ipsum dolor sit amet,
266,915,consectetur adipiscing elit.,
267,82,Ut enim ad minim veniam,
268,94,Lorem ipsum dolor sit amet,
269,833,quis nostrud exercitation ullamco laboris nisi ut aliquip ex ea commodo consequat.,
270,145,Sed do eiusmod tempor incididunt ut labore et dolore magna aliqua.,
271,582,Ut enim ad minim veniam,
272,163,Ut enim ad minim veniam,
273,60,Lorem ipsum dolor sit amet,
274,378,quis nostrud exercitation ullamco laboris nisi ut aliquip ex ea commodo consequat.,
275,425,Sed do eiusmod tempor incididunt ut labore et dolore magna aliqua.,
276,219,Ut enim ad minim veniam,
277,410,consectetur adipiscing elit.,
278,213,quis nostrud exercitation ullamco laboris nisi ut aliquip ex ea commodo consequat.,
279,943,consectetur adipiscing elit.,
280,99,Ut enim ad minim veniam,
281,39,Ut enim ad minim veniam,
282,63,Lorem ipsum dolor sit amet,
283,421,Sed do eiusmod tempor incididunt ut labore et dolore magna aliqua.,
284,723,Lorem ipsum dolor sit amet,
285,465,Ut enim ad minim veniam,
286,63,consectetur adipiscing elit.,
287,976,Sed do eiusmod tempor incididunt ut labore et dolore magna aliqua.,
288,296,quis nostrud exercitation ullamco laboris nisi ut aliquip ex ea commodo consequat.,
289,556,Sed do eiusmod tempor incididunt ut labore et dolore magna aliqua.,
290,41,quis nostrud exercitation ullamco laboris nisi ut aliquip ex ea commodo consequat.,
291,14,quis nostrud exercitation ullamco laboris nisi ut aliquip ex ea commodo consequat.,
292,304,Ut enim ad minim veniam,
293,305,Lorem ipsum dolor sit amet,
294,820,Sed do eiusmod tempor incididunt ut labore et dolore magna aliqua.,
295,311,Sed do eiusmod tempor incididunt ut labore et dolore magna aliqua.,
296,387,quis nostrud exercitation ullamco laboris nisi ut aliquip ex ea commodo consequat.,
297,459,Ut enim ad minim veniam,
298,21,quis nostrud exercitation ullamco laboris nisi ut aliquip ex ea commodo consequat.,
299,819,Lorem ipsum dolor sit amet,
300,726,Sed do eiusmod tempor incididunt ut labore et dolore magna aliqua.,
301,964,quis nostrud exercitation ullamco laboris nisi ut aliquip ex ea commodo consequat.,
302,705,Lorem ipsum dolor sit amet,
303,746,Lorem ipsum dolor sit amet,
304,230,Lorem ipsum dolor sit amet,
305,230,quis nostrud exercitation ullamco laboris nisi ut aliquip ex ea commodo consequat.,
306,773,consectetur adipiscing elit.,
307,170,consectetur adipiscing elit.,
308,543,Lorem ipsum dolor sit amet,
309,708,consectetur adipiscing elit.,
310,523,consectetur adipiscing elit.,
311,105,consectetur adipiscing elit.,
312,733,Ut enim ad minim veniam,
313,316,quis nostrud exercitation ullamco laboris nisi ut aliquip ex ea commodo consequat.,
314,817,Sed do eiusmod tempor incididunt ut labore et dolore magna aliqua.,
315,898,Lorem ipsum dolor sit amet,
316,618,Sed do eiusmod tempor incididunt ut labore et dolore magna aliqua.,
317,825,Sed do eiusmod tempor incididunt ut labore et dolore magna aliqua.,
318,180,Ut enim ad minim veniam,
319,420,Ut enim ad minim veniam,
320,985,Ut enim ad minim veniam,
321,883,quis nostrud exercitation ullamco laboris nisi ut aliquip ex ea commodo consequat.,
322,901,Lorem ipsum dolor sit amet,
323,269,Lorem ipsum dolor sit amet,
324,430,quis nostrud exercitation ullamco laboris nisi ut aliquip ex ea commodo consequat.,
325,639,Ut enim ad minim veniam,
326,544,Ut enim ad minim veniam,
327,167,Sed do eiusmod tempor incididunt ut labore et dolore magna aliqua.,
328,156,Lorem ipsum dolor sit amet,
329,366,Sed do eiusmod tempor incididunt ut labore et dolore magna aliqua.,
330,158,Lorem ipsum dolor sit amet,
331,671,Sed do eiusmod tempor incididunt ut labore et dolore magna aliqua.,
332,921,Lorem ipsum dolor sit amet,
333,95,Ut enim ad minim veniam,
334,423,Ut enim ad minim veniam,
335,461,Sed do eiusmod tempor incididunt ut labore et dolore magna aliqua.,
336,750,Sed do eiusmod tempor incididunt ut labore et dolore magna aliqua.,
337,141,consectetur adipiscing elit.,
338,956,Ut enim ad minim veniam,
339,385,Lorem ipsum dolor sit amet,
340,823,consectetur adipiscing elit.,
341,717,Sed do eiusmod tempor incididunt ut labore et dolore magna aliqua.,
342,613,Ut enim ad minim veniam,
343,560,quis nostrud exercitation ullamco laboris nisi ut aliquip ex ea commodo consequat.,
344,991,quis nostrud exercitation ullamco laboris nisi ut aliquip ex ea commodo consequat.,
345,900,Ut enim ad minim veniam,
346,237,quis nostrud exercitation ullamco laboris nisi ut aliquip ex ea commodo consequat.,
347,324,Sed do eiusmod tempor incididunt ut labore et dolore magna aliqua.,
348,492,Sed do eiusmod tempor incididunt ut labore et dolore magna aliqua.,
349,232,Lorem ipsum dolor sit amet,
350,406,quis nostrud exercitation ullamco laboris nisi ut aliquip ex ea commodo consequat.,
351,498,quis nostrud exercitation ullamco laboris nisi ut aliquip ex ea commodo consequat.,
352,128,Lorem ipsum dolor sit amet,
353,841,Ut enim ad minim veniam,
354,544,Lorem ipsum dolor sit amet,
355,784,Ut enim ad minim veniam,
356,256,quis nostrud exercitation ullamco laboris nisi ut aliquip ex ea commodo consequat.,
357,161,Sed do eiusmod tempor incididunt ut labore et dolore magna aliqua.,
358,994,Ut enim ad minim veniam,
359,675,quis nostrud exercitation ullamco laboris nisi ut aliquip ex ea commodo consequat.,
360,192,consectetur adipiscing elit.,
361,240,Ut enim ad minim veniam,
362,99,Sed do eiusmod tempor incididunt ut labore et dolore magna aliqua.,
363,860,consectetur adipiscing elit.,
364,455,Sed do eiusmod tempor incididunt ut labore et dolore magna aliqua.,
365,192,quis nostrud exercitation ullamco laboris nisi ut aliquip ex ea commodo consequat.,
366,30,Sed do eiusmod tempor incididunt ut labore et dolore magna aliqua.,
367,368,consectetur adipiscing elit.,
368,732,quis nostrud exercitation ullamco laboris nisi ut aliquip ex ea commodo consequat.,
369,969,Sed do eiusmod tempor incididunt ut labore et dolore magna aliqua.,
370,849,quis nostrud exercitation ullamco laboris nisi ut aliquip ex ea commodo consequat.,
371,165,Sed do eiusmod tempor incididunt ut labore et dolore magna aliqua.,
372,877,consectetur adipiscing elit.,
373,735,Ut enim ad minim veniam,
374,332,Lorem ipsum dolor sit amet,
375,750,consectetur adipiscing elit.,
376,557,Ut enim ad minim veniam,
377,457,consectetur adipiscing elit.,
378,728,Lorem ipsum dolor sit amet,
379,375,Ut enim ad minim veniam,
380,804,Lorem ipsum dolor sit amet,
381,730,quis nostrud exercitation ullamco laboris nisi ut aliquip ex ea commodo consequat.,
382,993,Sed do eiusmod tempor incididunt ut labore et dolore magna aliqua.,
383,488,Ut enim ad minim veniam,
384,226,Sed do eiusmod tempor incididunt ut labore et dolore magna aliqua.,
385,468,Ut enim ad minim veniam,
386,746,Lorem ipsum dolor sit amet,
387,692,Lorem ipsum dolor sit amet,
388,109,Lorem ipsum dolor sit amet,
389,626,quis nostrud exercitation ullamco laboris nisi ut aliquip ex ea commodo consequat.,
390,645,Sed do eiusmod tempor incididunt ut labore et dolore magna aliqua.,
391,28,Lorem ipsum dolor sit amet,
392,273,Sed do eiusmod tempor incididunt ut labore et dolore magna aliqua.,
393,988,consectetur adipiscing elit.,
394,77,Sed do eiusmod tempor incididunt ut labore et dolore magna aliqua.,
395,534,Sed do eiusmod tempor incididunt ut labore et dolore magna aliqua.,
396,221,Lorem ipsum dolor sit amet,
397,981,Lorem ipsum dolor sit amet,
398,293,consectetur adipiscing elit.,
399,998,Lorem ipsum dolor sit amet,
400,90,Sed do eiusmod tempor incididunt ut labore et dolore magna aliqua.,
401,387,Ut enim ad minim veniam,
402,364,Ut enim ad minim veniam,
403,502,Ut enim ad minim veniam,
404,331,Sed do eiusmod tempor incididunt ut labore et dolore magna aliqua.,
405,367,Sed do eiusmod tempor incididunt ut labore et dolore magna aliqua.,
406,527,Sed do eiusmod tempor incididunt ut labore et dolore magna aliqua.,
407,679,Lorem ipsum dolor sit amet,
408,458,Ut enim ad minim veniam,
409,361,quis nostrud exercitation ullamco laboris nisi ut aliquip ex ea commodo consequat.,
410,286,Lorem ipsum dolor sit amet,
411,396,consectetur adipiscing elit.,
412,138,Ut enim ad minim veniam,
413,804,Lorem ipsum dolor sit amet,
414,472,Sed do eiusmod tempor incididunt ut labore et dolore magna aliqua.,
415,32,Ut enim ad minim veniam,
416,583,Sed do eiusmod tempor incididunt ut labore et dolore magna aliqua.,
417,736,quis nostrud exercitation ullamco laboris nisi ut aliquip ex ea commodo consequat.,
418,467,quis nostrud exercitation ullamco laboris nisi ut aliquip ex ea commodo consequat.,
419,166,quis nostrud exercitation ullamco laboris nisi ut aliquip ex ea commodo consequat.,
420,419,Lorem ipsum dolor sit amet,
421,54,Sed do eiusmod tempor incididunt ut labore et dolore magna aliqua.,
422,408,Lorem ipsum dolor sit amet,
423,810,Sed do eiusmod tempor incididunt ut labore et dolore magna aliqua.,
424,137,quis nostrud exercitation ullamco laboris nisi ut aliquip ex ea commodo consequat.,
425,492,Sed do eiusmod tempor incididunt ut labore et dolore magna aliqua.,
426,893,quis nostrud exercitation ullamco laboris nisi ut aliquip ex ea commodo consequat.,
427,836,Lorem ipsum dolor sit amet,
428,871,Sed do eiusmod tempor incididunt ut labore et dolore magna aliqua.,
429,554,quis nostrud exercitation ullamco laboris nisi ut aliquip ex ea commodo consequat.,
430,316,quis nostrud exercitation ullamco laboris nisi ut aliquip ex ea commodo consequat.,
431,21,consectetur adipiscing elit.,
432,441,quis nostrud exercitation ullamco laboris nisi ut aliquip ex ea commodo consequat.,
433,831,Lorem ipsum dolor sit amet,
434,125,Sed do eiusmod tempor incididunt ut labore et dolore magna aliqua.,
435,614,quis nostrud exercitation ullamco laboris nisi ut aliquip ex ea commodo consequat.,
436,237,Sed do eiusmod tempor incididunt ut labore et dolore magna aliqua.,
437,610,Sed do eiusmod tempor incididunt ut labore et dolore magna aliqua.,
438,849,Ut enim ad minim veniam,
439,893,Lorem ipsum dolor sit amet,
440,575,quis nostrud exercitation ullamco laboris nisi ut aliquip ex ea commodo consequat.,
441,336,consectetur adipiscing elit.,
442,238,consectetur adipiscing elit.,
443,690,quis nostrud exercitation ullamco laboris nisi ut aliquip ex ea commodo consequat.,
444,173,consectetur adipiscing elit.,
445,696,consectetur adipiscing elit.,
446,786,quis nostrud exercitation ullamco laboris nisi ut aliquip ex ea commodo consequat.,
447,416,Lorem ipsum dolor sit amet,
448,580,consectetur adipiscing elit.,
449,499,consectetur adipiscing elit.,
450,634,consectetur adipiscing elit.,
451,582,Sed do eiusmod tempor incididunt ut labore et dolore magna aliqua.,
452,433,consectetur adipiscing elit.,
453,879,quis nostrud exercitation ullamco laboris nisi ut aliquip ex ea commodo consequat.,
454,678,consectetur adipiscing elit.,
455,474,Sed do eiusmod tempor incididunt ut labore et dolore magna aliqua.,
456,316,Lorem ipsum dolor sit amet,
457,935,quis nostrud exercitation ullamco laboris nisi ut aliquip ex ea commodo consequat.,
458,695,consectetur adipiscing elit.,
459,877,Ut enim ad minim veniam,
460,545,Sed do eiusmod tempor incididunt ut labore et dolore magna aliqua.,
461,989,consectetur adipiscing elit.,
462,175,Sed do eiusmod tempor incididunt ut labore et dolore magna aliqua.,
463,159,Lorem ipsum dolor sit amet,
464,858,Sed do eiusmod tempor incididunt ut labore et dolore magna aliqua.,
465,24,Lorem ipsum dolor sit amet,
466,226,Ut enim ad minim veniam,
467,112,consectetur adipiscing elit.,
468,5,quis nostrud exercitation ullamco laboris nisi ut aliquip ex ea commodo consequat.,
469,98,Lorem ipsum dolor sit amet,
470,189,quis nostrud exercitation ullamco laboris nisi ut aliquip ex ea commodo consequat.,
471,947,consectetur adipiscing elit.,
472,228,Lorem ipsum dolor sit amet,
473,967,Sed do eiusmod tempor incididunt ut labore et dolore magna aliqua.,
474,420,Sed do eiusmod tempor incididunt ut labore et dolore magna aliqua.,
475,74,Lorem ipsum dolor sit amet,
476,22,quis nostrud exercitation ullamco laboris nisi ut aliquip ex ea commodo consequat.,
477,54,Ut enim ad minim veniam,
478,134,quis nostrud exercitation ullamco laboris nisi ut aliquip ex ea commodo consequat.,
479,699,Lorem ipsum dolor sit amet,
480,584,Lorem ipsum dolor sit amet,
481,553,consectetur adipiscing elit.,
482,524,quis nostrud exercitation ullamco laboris nisi ut aliquip ex ea commodo consequat.,
483,720,Sed do eiusmod tempor incididunt ut labore et dolore magna aliqua.,
484,101,consectetur adipiscing elit.,
485,197,Sed do eiusmod tempor incididunt ut labore et dolore magna aliqua.,
486,400,Sed do eiusmod tempor incididunt ut labore et dolore magna aliqua.,
487,113,Lorem ipsum dolor sit amet,
488,266,quis nostrud exercitation ullamco laboris nisi ut aliquip ex ea commodo consequat.,
489,191,consectetur adipiscing elit.,
490,66,Sed do eiusmod tempor incididunt ut labore et dolore magna aliqua.,
491,31,consectetur adipiscing elit.,
492,548,quis nostrud exercitation ullamco laboris nisi ut aliquip ex ea commodo consequat.,
493,863,quis nostrud exercitation ullamco laboris nisi ut aliquip ex ea commodo consequat.,
494,668,quis nostrud exercitation ullamco laboris nisi ut aliquip ex ea commodo consequat.,
495,261,consectetur adipiscing elit.,
496,400,Lorem ipsum dolor sit amet,
497,510,Sed do eiusmod tempor incididunt ut labore et dolore magna aliqua.,
498,778,Ut enim ad minim veniam,
499,588,Lorem ipsum dolor sit amet,
500,311,Sed do eiusmod tempor incididunt ut labore et dolore magna aliqua.,
501,806,quis nostrud exercitation ullamco laboris nisi ut aliquip ex ea commodo consequat.,
502,482,Sed do eiusmod tempor incididunt ut labore et dolore magna aliqua.,
503,560,Ut enim ad minim veniam,
504,388,quis nostrud exercitation ullamco laboris nisi ut aliquip ex ea commodo consequat.,
505,843,Lorem ipsum dolor sit amet,
506,22,Lorem ipsum dolor sit amet,
507,700,Ut enim ad minim veniam,
508,41,Lorem ipsum dolor sit amet,
509,56,quis nostrud exercitation ullamco laboris nisi ut aliquip ex ea commodo consequat.,
510,959,Ut enim ad minim veniam,
511,815,Lorem ipsum dolor sit amet,
512,843,consectetur adipiscing elit.,
513,248,consectetur adipiscing elit.,
514,149,Sed do eiusmod tempor incididunt ut labore et dolore magna aliqua.,
515,603,quis nostrud exercitation ullamco laboris nisi ut aliquip ex ea commodo consequat.,
516,36,Lorem ipsum dolor sit amet,
517,709,quis nostrud exercitation ullamco laboris nisi ut aliquip ex ea commodo consequat.,
518,849,Lorem ipsum dolor sit amet,
519,697,Lorem ipsum dolor sit amet,
520,348,consectetur adipiscing elit.,
521,620,quis nostrud exercitation ullamco laboris nisi ut aliquip ex ea commodo consequat.,
522,407,quis nostrud exercitation ullamco laboris nisi ut aliquip ex ea commodo consequat.,
523,311,Lorem ipsum dolor sit amet,
524,973,quis nostrud exercitation ullamco laboris nisi ut aliquip ex ea commodo consequat.,
525,33,Lorem ipsum dolor sit amet,
526,809,quis nostrud exercitation ullamco laboris nisi ut aliquip ex ea commodo consequat.,
527,474,consectetur adipiscing elit.,
528,748,Sed do eiusmod tempor incididunt ut labore et dolore magna aliqua.,
529,442,consectetur adipiscing elit.,
530,30,Sed do eiusmod tempor incididunt ut labore et dolore magna aliqua.,
531,110,quis nostrud exercitation ullamco laboris nisi ut aliquip ex ea commodo consequat.,
532,881,quis nostrud exercitation ullamco laboris nisi ut aliquip ex ea commodo consequat.,
533,158,Ut enim ad minim veniam,
534,178,consectetur adipiscing elit.,
535,613,Lorem ipsum dolor sit amet,
536,436,Lorem ipsum dolor sit amet,
537,993,Sed do eiusmod tempor incididunt ut labore et dolore magna aliqua.,
538,303,Lorem ipsum dolor sit amet,
539,875,Sed do eiusmod tempor incididunt ut labore et dolore magna aliqua.,
540,753,quis nostrud exercitation ullamco laboris nisi ut aliquip ex ea commodo consequat.,
541,468,quis nostrud exercitation ullamco laboris nisi ut aliquip ex ea commodo consequat.,
542,88,Ut enim ad minim veniam,
543,547,Ut enim ad minim veniam,
544,734,quis nostrud exercitation ullamco laboris nisi ut aliquip ex ea commodo consequat.,
545,335,quis nostrud exercitation ullamco laboris nisi ut aliquip ex ea commodo consequat.,
546,327,Sed do eiusmod tempor incididunt ut labore et dolore magna aliqua.,
547,820,Ut enim ad minim veniam,
548,56,consectetur adipiscing elit.,
549,810,Sed do eiusmod tempor incididunt ut labore et dolore magna aliqua.,
550,696,Lorem ipsum dolor sit amet,
551,23,consectetur adipiscing elit.,
552,955,quis nostrud exercitation ullamco laboris nisi ut aliquip ex ea commodo consequat.,
553,406,Ut enim ad minim veniam,
554,360,quis nostrud exercitation ullamco laboris nisi ut aliquip ex ea commodo consequat.,
555,350,quis nostrud exercitation ullamco laboris nisi ut aliquip ex ea commodo consequat.,
556,534,consectetur adipiscing elit.,
557,856,Lorem ipsum dolor sit amet,
558,875,Sed do eiusmod tempor incididunt ut labore et dolore magna aliqua.,
559,604,quis nostrud exercitation ullamco laboris nisi ut aliquip ex ea commodo consequat.,
560,583,Lorem ipsum dolor sit amet,
561,114,consectetur adipiscing elit.,
562,560,Ut enim ad minim veniam,
563,232,quis nostrud exercitation ullamco laboris nisi ut aliquip ex ea commodo consequat.,
564,990,Sed do eiusmod tempor incididunt ut labore et dolore magna aliqua.,
565,452,Ut enim ad minim veniam,
566,727,Lorem ipsum dolor sit amet,
567,346,consectetur adipiscing elit.,
568,120,Ut enim ad minim veniam,
569,302,Sed do eiusmod tempor incididunt ut labore et dolore magna aliqua.,
570,85,consectetur adipiscing elit.,
571,903,quis nostrud exercitation ullamco laboris nisi ut aliquip ex ea commodo consequat.,
572,760,quis nostrud exercitation ullamco laboris nisi ut aliquip ex ea commodo consequat.,
573,439,quis nostrud exercitation ullamco laboris nisi ut aliquip ex ea commodo consequat.,
574,184,quis nostrud exercitation ullamco laboris nisi ut aliquip ex ea commodo consequat.,
575,295,consectetur adipiscing elit.,
576,466,Lorem ipsum dolor sit amet,
577,118,quis nostrud exercitation ullamco laboris nisi ut aliquip ex ea commodo consequat.,
578,568,quis nostrud exercitation ullamco laboris nisi ut aliquip ex ea commodo consequat.,
579,658,Lorem ipsum dolor sit amet,
580,148,quis nostrud exercitation ullamco laboris nisi ut aliquip ex ea commodo consequat.,
581,66,Ut enim ad minim veniam,
582,234,Lorem ipsum dolor sit amet,
583,365,Ut enim ad minim veniam,
584,778,Sed do eiusmod tempor incididunt ut labore et dolore magna aliqua.,
585,58,quis nostrud exercitation ullamco laboris nisi ut aliquip ex ea commodo consequat.,
586,745,consectetur adipiscing elit.,
587,979,consectetur adipiscing elit.,
588,177,quis nostrud exercitation ullamco laboris nisi ut aliquip ex ea commodo consequat.,
589,321,Sed do eiusmod tempor incididunt ut labore et dolore magna aliqua.,
590,134,Lorem ipsum dolor sit amet,
591,781,Lorem ipsum dolor sit amet,
592,734,Lorem ipsum dolor sit amet,
593,836,Sed do eiusmod tempor incididunt ut labore et dolore magna aliqua.,
594,309,Ut enim ad minim veniam,
595,34,Lorem ipsum dolor sit amet,
596,460,quis nostrud exercitation ullamco laboris nisi ut aliquip ex ea commodo consequat.,
597,68,Lorem ipsum dolor sit amet,
598,268,Ut enim ad minim veniam,
599,546,quis nostrud exercitation ullamco laboris nisi ut aliquip ex ea commodo consequat.,
600,439,Ut enim ad minim veniam,
601,401,Ut enim ad minim veniam,
602,795,quis nostrud exercitation ullamco laboris nisi ut aliquip ex ea commodo consequat.,
603,696,consectetur adipiscing elit.,
604,996,Sed do eiusmod tempor incididunt ut labore et dolore magna aliqua.,
605,353,Sed do eiusmod tempor incididunt ut labore et dolore magna aliqua.,
606,25,Ut enim ad minim veniam,
607,492,Ut enim ad minim veniam,
608,501,consectetur adipiscing elit.,
609,758,quis nostrud exercitation ullamco laboris nisi ut aliquip ex ea commodo consequat.,
610,911,quis nostrud exercitation ullamco laboris nisi ut aliquip ex ea commodo consequat.,
611,322,Sed do eiusmod tempor incididunt ut labore et dolore magna aliqua.,
612,633,Ut enim ad minim veniam,
613,546,Ut enim ad minim veniam,
614,859,Ut enim ad minim veniam,
615,697,Ut enim ad minim veniam,
616,81,Lorem ipsum dolor sit amet,
617,752,consectetur adipiscing elit.,
618,293,Sed do eiusmod tempor incididunt ut labore et dolore magna aliqua.,
619,609,quis nostrud exercitation ullamco laboris nisi ut aliquip ex ea commodo consequat.,
620,832,Ut enim ad minim veniam,
621,850,consectetur adipiscing elit.,
622,719,consectetur adipiscing elit.,
623,146,quis nostrud exercitation ullamco laboris nisi ut aliquip ex ea commodo consequat.,
624,809,Ut enim ad minim veniam,
625,660,quis nostrud exercitation ullamco laboris nisi ut aliquip ex ea commodo consequat.,
626,650,Sed do eiusmod tempor incididunt ut labore et dolore magna aliqua.,
627,352,consectetur adipiscing elit.,
628,95,Sed do eiusmod tempor incididunt ut labore et dolore magna aliqua.,
629,348,consectetur adipiscing elit.,
630,335,Lorem ipsum dolor sit amet,
631,987,consectetur adipiscing elit.,
632,93,Ut enim ad minim veniam,
633,720,Sed do eiusmod tempor incididunt ut labore et dolore magna aliqua.,
634,429,quis nostrud exercitation ullamco laboris nisi ut aliquip ex ea commodo consequat.,
635,854,consectetur adipiscing elit.,
636,370,Sed do eiusmod tempor incididunt ut labore et dolore magna aliqua.,
637,37,Lorem ipsum dolor sit amet,
638,333,Lorem ipsum dolor sit amet,
639,460,Sed do eiusmod tempor incididunt ut labore et dolore magna aliqua.,
640,54,quis nostrud exercitation ullamco laboris nisi ut aliquip ex ea commodo consequat.,
641,791,Lorem ipsum dolor sit amet,
642,495,quis nostrud exercitation ullamco laboris nisi ut aliquip ex ea commodo consequat.,
643,166,quis nostrud exercitation ullamco laboris nisi ut aliquip ex ea commodo consequat.,
644,795,Lorem ipsum dolor sit amet,
645,313,Lorem ipsum dolor sit amet,
646,517,consectetur adipiscing elit.,
647,55,Ut enim ad minim veniam,
648,233,quis nostrud exercitation ullamco laboris nisi ut aliquip ex ea commodo consequat.,
649,715,quis nostrud exercitation ullamco laboris nisi ut aliquip ex ea commodo consequat.,
650,595,Lorem ipsum dolor sit amet,
651,798,consectetur adipiscing elit.,
652,353,Sed do eiusmod tempor incididunt ut labore et dolore magna aliqua.,
653,953,quis nostrud exercitation ullamco laboris nisi ut aliquip ex ea commodo consequat.,
654,389,consectetur adipiscing elit.,
655,971,Lorem ipsum dolor sit amet,
656,996,quis nostrud exercitation ullamco laboris nisi ut aliquip ex ea commodo consequat.,
657,526,quis nostrud exercitation ullamco laboris nisi ut aliquip ex ea commodo consequat.,
658,770,Ut enim ad minim veniam,
659,419,quis nostrud exercitation ullamco laboris nisi ut aliquip ex ea commodo consequat.,
660,197,quis nostrud exercitation ullamco laboris nisi ut aliquip ex ea commodo consequat.,
661,5,Ut enim ad minim veniam,
662,657,Ut enim ad minim veniam,
663,601,Sed do eiusmod tempor incididunt ut labore et dolore magna aliqua.,
664,159,Lorem ipsum dolor sit amet,
665,360,Sed do eiusmod tempor incididunt ut labore et dolore magna aliqua.,
666,199,consectetur adipiscing elit.,
667,375,Lorem ipsum dolor sit amet,
668,463,consectetur adipiscing elit.,
669,1000,consectetur adipiscing elit.,
670,556,quis nostrud exercitation ullamco laboris nisi ut aliquip ex ea commodo consequat.,
671,251,Ut enim ad minim veniam,
672,413,quis nostrud exercitation ullamco laboris nisi ut aliquip ex ea commodo consequat.,
673,657,Lorem ipsum dolor sit amet,
674,475,quis nostrud exercitation ullamco laboris nisi ut aliquip ex ea commodo consequat.,
675,484,Lorem ipsum dolor sit amet,
676,818,Sed do eiusmod tempor incididunt ut labore et dolore magna aliqua.,
677,557,Ut enim ad minim veniam,
678,117,Ut enim ad minim veniam,
679,797,Ut enim ad minim veniam,
680,304,quis nostrud exercitation ullamco laboris nisi ut aliquip ex ea commodo consequat.,
681,839,quis nostrud exercitation ullamco laboris nisi ut aliquip ex ea commodo consequat.,
682,997,Sed do eiusmod tempor incididunt ut labore et dolore magna aliqua.,
683,967,consectetur adipiscing elit.,
684,207,Lorem ipsum dolor sit amet,
685,909,Ut enim ad minim veniam,
686,452,quis nostrud exercitation ullamco laboris nisi ut aliquip ex ea commodo consequat.,
687,305,Sed do eiusmod tempor incididunt ut labore et dolore magna aliqua.,
688,808,Sed do eiusmod tempor incididunt ut labore et dolore magna aliqua.,
689,29,Sed do eiusmod tempor incididunt ut labore et dolore magna aliqua.,
690,902,quis nostrud exercitation ullamco laboris nisi ut aliquip ex ea commodo consequat.,
691,713,quis nostrud exercitation ullamco laboris nisi ut aliquip ex ea commodo consequat.,
692,508,consectetur adipiscing elit.,
693,798,Lorem ipsum dolor sit amet,
694,160,Lorem ipsum dolor sit amet,
695,836,Lorem ipsum dolor sit amet,
696,667,consectetur adipiscing elit.,
697,461,consectetur adipiscing elit.,
698,483,consectetur adipiscing elit.,
699,131,consectetur adipiscing elit.,
700,741,Sed do eiusmod tempor incididunt ut labore et dolore magna aliqua.,
701,683,Lorem ipsum dolor sit amet,
702,743,Sed do eiusmod tempor incididunt ut labore et dolore magna aliqua.,
703,418,Sed do eiusmod tempor incididunt ut labore et dolore magna aliqua.,
704,601,Ut enim ad minim veniam,
705,90,Lorem ipsum dolor sit amet,
706,754,Ut enim ad minim veniam,
707,439,quis nostrud exercitation ullamco laboris nisi ut aliquip ex ea commodo consequat.,
708,682,Lorem ipsum dolor sit amet,
709,944,Lorem ipsum dolor sit amet,
710,51,Sed do eiusmod tempor incididunt ut labore et dolore magna aliqua.,
711,902,Ut enim ad minim veniam,
712,570,Lorem ipsum dolor sit amet,
713,96,Ut enim ad minim veniam,
714,350,consectetur adipiscing elit.,
715,408,Ut enim ad minim veniam,
716,646,Ut enim ad minim veniam,
717,380,consectetur adipiscing elit.,
718,477,Ut enim ad minim veniam,
719,658,Ut enim ad minim veniam,
720,455,Sed do eiusmod tempor incididunt ut labore et dolore magna aliqua.,
721,883,consectetur adipiscing elit.,
722,988,consectetur adipiscing elit.,
723,35,Ut enim ad minim veniam,
724,873,Sed do eiusmod tempor incididunt ut labore et dolore magna aliqua.,
725,891,Ut enim ad minim veniam,
726,945,consectetur adipiscing elit.,
727,299,Sed do eiusmod tempor incididunt ut labore et dolore magna aliqua.,
728,61,Ut enim ad minim veniam,
729,317,consectetur adipiscing elit.,
730,840,Sed do eiusmod tempor incididunt ut labore et dolore magna aliqua.,
731,669,quis nostrud exercitation ullamco laboris nisi ut aliquip ex ea commodo consequat.,
732,219,consectetur adipiscing elit.,
733,320,Ut enim ad minim veniam,
734,570,quis nostrud exercitation ullamco laboris nisi ut aliquip ex ea commodo consequat.,
735,926,Ut enim ad minim veniam,
736,64,consectetur adipiscing elit.,
737,327,Sed do eiusmod tempor incididunt ut labore et dolore magna aliqua.,
738,565,Lorem ipsum dolor sit amet,
739,20,Ut enim ad minim veniam,
740,294,Ut enim ad minim veniam,
741,916,Ut enim ad minim veniam,
742,708,Lorem ipsum dolor sit amet,
743,815,consectetur adipiscing elit.,
744,136,quis nostrud exercitation ullamco laboris nisi ut aliquip ex ea commodo consequat.,
745,27,Sed do eiusmod tempor incididunt ut labore et dolore magna aliqua.,
746,750,quis nostrud exercitation ullamco laboris nisi ut aliquip ex ea commodo consequat.,
747,676,Lorem ipsum dolor sit amet,
748,744,quis nostrud exercitation ullamco laboris nisi ut aliquip ex ea commodo consequat.,
749,282,Lorem ipsum dolor sit amet,
750,371,Ut enim ad minim veniam,
751,81,Ut enim ad minim veniam,
752,54,consectetur adipiscing elit.,
753,699,Lorem ipsum dolor sit amet,
754,32,Sed do eiusmod tempor incididunt ut labore et dolore magna aliqua.,
755,500,quis nostrud exercitation ullamco laboris nisi ut aliquip ex ea commodo consequat.,
756,832,consectetur adipiscing elit.,
757,822,Ut enim ad minim veniam,
758,338,consectetur adipiscing elit.,
759,34,Ut enim ad minim veniam,
760,894,quis nostrud exercitation ullamco laboris nisi ut aliquip ex ea commodo consequat.,
761,475,Sed do eiusmod tempor incididunt ut labore et dolore magna aliqua.,
762,600,Lorem ipsum dolor sit amet,
763,480,Sed do eiusmod tempor incididunt ut labore et dolore magna aliqua.,
764,79,Sed do eiusmod tempor incididunt ut labore et dolore magna aliqua.,
765,255,Sed do eiusmod tempor incididunt ut labore et dolore magna aliqua.,
766,932,quis nostrud exercitation ullamco laboris nisi ut aliquip ex ea commodo consequat.,
767,993,consectetur adipiscing elit.,
768,368,consectetur adipiscing elit.,
769,380,Ut enim ad minim veniam,
770,438,Ut enim ad minim veniam,
771,841,Ut enim ad minim veniam,
772,735,Lorem ipsum dolor sit amet,
773,10,Ut enim ad minim veniam,
774,617,quis nostrud exercitation ullamco laboris nisi ut aliquip ex ea commodo consequat.,
775,968,Sed do eiusmod tempor incididunt ut labore et dolore magna aliqua.,
776,879,quis nostrud exercitation ullamco laboris nisi ut aliquip ex ea commodo consequat.,
777,169,consectetur adipiscing elit.,
778,924,Sed do eiusmod tempor incididunt ut labore et dolore magna aliqua.,
779,852,Ut enim ad minim veniam,
780,28,quis nostrud exercitation ullamco laboris nisi ut aliquip ex ea commodo consequat.,
781,626,Sed do eiusmod tempor incididunt ut labore et dolore magna aliqua.,
782,672,quis nostrud exercitation ullamco laboris nisi ut aliquip ex ea commodo consequat.,
783,445,Sed do eiusmod tempor incididunt ut labore et dolore magna aliqua.,
784,447,quis nostrud exercitation ullamco laboris nisi ut aliquip ex ea commodo consequat.,
785,103,consectetur adipiscing elit.,
786,616,Lorem ipsum dolor sit amet,
787,725,Lorem ipsum dolor sit amet,
788,475,quis nostrud exercitation ullamco laboris nisi ut aliquip ex ea commodo consequat.,
789,759,Sed do eiusmod tempor incididunt ut labore et dolore magna aliqua.,
790,336,Sed do eiusmod tempor incididunt ut labore et dolore magna aliqua.,
791,497,Ut enim ad minim veniam,
792,443,consectetur adipiscing elit.,
793,30,Sed do eiusmod tempor incididunt ut labore et dolore magna aliqua.,
794,193,Sed do eiusmod tempor incididunt ut labore et dolore magna aliqua.,
795,221,Lorem ipsum dolor sit amet,
796,773,Ut enim ad minim veniam,
797,729,Ut enim ad minim veniam,
798,534,Ut enim ad minim veniam,
799,611,consectetur adipiscing elit.,
800,881,Lorem ipsum dolor sit amet,
801,633,Lorem ipsum dolor sit amet,
802,256,quis nostrud exercitation ullamco laboris nisi ut aliquip ex ea commodo consequat.,
803,816,Sed do eiusmod tempor incididunt ut labore et dolore magna aliqua.,
804,487,Sed do eiusmod tempor incididunt ut labore et dolore magna aliqua.,
805,418,Ut enim ad minim veniam,
806,604,Lorem ipsum dolor sit amet,
807,394,Lorem ipsum dolor sit amet,
808,888,consectetur adipiscing elit.,
809,850,Ut enim ad minim veniam,
810,51,Sed do eiusmod tempor incididunt ut labore et dolore magna aliqua.,
811,511,Lorem ipsum dolor sit amet,
812,433,Ut enim ad minim veniam,
813,857,Lorem ipsum dolor sit amet,
814,447,Ut enim ad minim veniam,
815,526,Lorem ipsum dolor sit amet,
816,452,quis nostrud exercitation ullamco laboris nisi ut aliquip ex ea commodo consequat.,
817,148,Lorem ipsum dolor sit amet,
818,260,Sed do eiusmod tempor incididunt ut labore et dolore magna aliqua.,
819,891,consectetur adipiscing elit.,
820,655,Sed do eiusmod tempor incididunt ut labore et dolore magna aliqua.,
821,216,quis nostrud exercitation ullamco laboris nisi ut aliquip ex ea commodo consequat.,
822,834,consectetur adipiscing elit.,
823,642,Sed do eiusmod tempor incididunt ut labore et dolore magna aliqua.,
824,743,Sed do eiusmod tempor incididunt ut labore et dolore magna aliqua.,
825,870,Lorem ipsum dolor sit amet,
826,402,consectetur adipiscing elit.,
827,341,Lorem ipsum dolor sit amet,
828,587,consectetur adipiscing elit.,
829,707,Sed do eiusmod tempor incididunt ut labore et dolore magna aliqua.,
830,229,consectetur adipiscing elit.,
831,115,Lorem ipsum dolor sit amet,
832,629,Lorem ipsum dolor sit amet,
833,966,Lorem ipsum dolor sit amet,
834,672,Ut enim ad minim veniam,
835,353,Sed do eiusmod tempor incididunt ut labore et dolore magna aliqua.,
836,348,consectetur adipiscing elit.,
837,412,consectetur adipiscing elit.,
838,453,Sed do eiusmod tempor incididunt ut labore et dolore magna aliqua.,
839,254,quis nostrud exercitation ullamco laboris nisi ut aliquip ex ea commodo consequat.,
840,634,quis nostrud exercitation ullamco laboris nisi ut aliquip ex ea commodo consequat.,
841,798,Sed do eiusmod tempor incididunt ut labore et dolore magna aliqua.,
842,211,Ut enim ad minim veniam,
843,408,Sed do eiusmod tempor incididunt ut labore et dolore magna aliqua.,
844,434,quis nostrud exercitation ullamco laboris nisi ut aliquip ex ea commodo consequat.,
845,889,Ut enim ad minim veniam,
846,973,consectetur adipiscing elit.,
847,859,Lorem ipsum dolor sit amet,
848,757,quis nostrud exercitation ullamco laboris nisi ut aliquip ex ea commodo consequat.,
849,223,consectetur adipiscing elit.,
850,821,consectetur adipiscing elit.,
851,40,Ut enim ad minim veniam,
852,618,quis nostrud exercitation ullamco laboris nisi ut aliquip ex ea commodo consequat.,
853,389,consectetur adipiscing elit.,
854,652,Lorem ipsum dolor sit amet,
855,217,quis nostrud exercitation ullamco laboris nisi ut aliquip ex ea commodo consequat.,
856,776,Ut enim ad minim veniam,
857,258,Sed do eiusmod tempor incididunt ut labore et dolore magna aliqua.,
858,469,Sed do eiusmod tempor incididunt ut labore et dolore magna aliqua.,
859,110,Lorem ipsum dolor sit amet,
860,620,Ut enim ad minim veniam,
861,406,Sed do eiusmod tempor incididunt ut labore et dolore magna aliqua.,
862,365,Lorem ipsum dolor sit amet,
863,1,quis nostrud exercitation ullamco laboris nisi ut aliquip ex ea commodo consequat.,
864,307,Lorem ipsum dolor sit amet,
865,575,Lorem ipsum dolor sit amet,
866,687,consectetur adipiscing elit.,
867,115,consectetur adipiscing elit.,
868,122,Sed do eiusmod tempor incididunt ut labore et dolore magna aliqua.,
869,355,consectetur adipiscing elit.,
870,792,Lorem ipsum dolor sit amet,
871,411,Ut enim ad minim veniam,
872,455,quis nostrud exercitation ullamco laboris nisi ut aliquip ex ea commodo consequat.,
873,41,consectetur adipiscing elit.,
874,446,consectetur adipiscing elit.,
875,654,Ut enim ad minim veniam,
876,324,Ut enim ad minim veniam,
877,27,Lorem ipsum dolor sit amet,
878,380,Ut enim ad minim veniam,
879,212,Lorem ipsum dolor sit amet,
880,876,consectetur adipiscing elit.,
881,736,Lorem ipsum dolor sit amet,
882,919,Lorem ipsum dolor sit amet,
883,615,Ut enim ad minim veniam,
884,318,Sed do eiusmod tempor incididunt ut labore et dolore magna aliqua.,
885,619,Sed do eiusmod tempor incididunt ut labore et dolore magna aliqua.,
886,236,Ut enim ad minim veniam,
887,153,Lorem ipsum dolor sit amet,
888,382,Ut enim ad minim veniam,
889,981,consectetur adipiscing elit.,
890,580,quis nostrud exercitation ullamco laboris nisi ut aliquip ex ea commodo consequat.,
891,9,Sed do eiusmod tempor incididunt ut labore et dolore magna aliqua.,
892,731,Ut enim ad minim veniam,
893,985,Lorem ipsum dolor sit amet,
894,932,quis nostrud exercitation ullamco laboris nisi ut aliquip ex ea commodo consequat.,
895,306,quis nostrud exercitation ullamco laboris nisi ut aliquip ex ea commodo consequat.,
896,471,Ut enim ad minim veniam,
897,232,quis nostrud exercitation ullamco laboris nisi ut aliquip ex ea commodo consequat.,
898,86,Lorem ipsum dolor sit amet,
899,14,Ut enim ad minim veniam,
900,506,quis nostrud exercitation ullamco laboris nisi ut aliquip ex ea commodo consequat.,
901,931,consectetur adipiscing elit.,
902,828,Sed do eiusmod tempor incididunt ut labore et dolore magna aliqua.,
903,110,quis nostrud exercitation ullamco laboris nisi ut aliquip ex ea commodo consequat.,
904,658,Lorem ipsum dolor sit amet,
905,814,Lorem ipsum dolor sit amet,
906,770,consectetur adipiscing elit.,
907,145,Lorem ipsum dolor sit amet,
908,855,Sed do eiusmod tempor incididunt ut labore et dolore magna aliqua.,
909,585,quis nostrud exercitation ullamco laboris nisi ut aliquip ex ea commodo consequat.,
910,494,Ut enim ad minim veniam,
911,305,quis nostrud exercitation ullamco laboris nisi ut aliquip ex ea commodo consequat.,
912,566,Ut enim ad minim veniam,
913,463,Ut enim ad minim veniam,
914,601,Sed do eiusmod tempor incididunt ut labore et dolore magna aliqua.,
915,224,Sed do eiusmod tempor incididunt ut labore et dolore magna aliqua.,
916,878,Ut enim ad minim veniam,
917,676,Ut enim ad minim veniam,
918,77,Ut enim ad minim veniam,
919,645,Sed do eiusmod tempor incididunt ut labore et dolore magna aliqua.,
920,78,Sed do eiusmod tempor incididunt ut labore et dolore magna aliqua.,
921,623,quis nostrud exercitation ullamco laboris nisi ut aliquip ex ea commodo consequat.,
922,220,quis nostrud exercitation ullamco laboris nisi ut aliquip ex ea commodo consequat.,
923,313,Sed do eiusmod tempor incididunt ut labore et dolore magna aliqua.,
924,253,Ut enim ad minim veniam,
925,352,Ut enim ad minim veniam,
926,657,Lorem ipsum dolor sit amet,
927,514,quis nostrud exercitation ullamco laboris nisi ut aliquip ex ea commodo consequat.,
928,829,quis nostrud exercitation ullamco laboris nisi ut aliquip ex ea commodo consequat.,
929,81,Ut enim ad minim veniam,
930,520,Sed do eiusmod tempor incididunt ut labore et dolore magna aliqua.,
931,962,Lorem ipsum dolor sit amet,
932,133,Ut enim ad minim veniam,
933,285,Ut enim ad minim veniam,
934,226,Sed do eiusmod tempor incididunt ut labore et dolore magna aliqua.,
935,928,consectetur adipiscing elit.,
936,859,Ut enim ad minim veniam,
937,991,consectetur adipiscing elit.,
938,842,Ut enim ad minim veniam,
939,662,quis nostrud exercitation ullamco laboris nisi ut aliquip ex ea commodo consequat.,
940,17,Sed do eiusmod tempor incididunt ut labore et dolore magna aliqua.,
941,865,quis nostrud exercitation ullamco laboris nisi ut aliquip ex ea commodo consequat.,
942,503,quis nostrud exercitation ullamco laboris nisi ut aliquip ex ea commodo consequat.,
943,454,consectetur adipiscing elit.,
944,161,consectetur adipiscing elit.,
945,30,consectetur adipiscing elit.,
946,870,quis nostrud exercitation ullamco laboris nisi ut aliquip ex ea commodo consequat.,
947,202,Ut enim ad minim veniam,
948,964,Sed do eiusmod tempor incididunt ut labore et dolore magna aliqua.,
949,899,consectetur adipiscing elit.,
950,559,consectetur adipiscing elit.,
951,857,Lorem ipsum dolor sit amet,
952,21,consectetur adipiscing elit.,
953,600,Lorem ipsum dolor sit amet,
954,98,quis nostrud exercitation ullamco laboris nisi ut aliquip ex ea commodo consequat.,
955,23,Ut enim ad minim veniam,
956,74,quis nostrud exercitation ullamco laboris nisi ut aliquip ex ea commodo consequat.,
957,166,Lorem ipsum dolor sit amet,
958,947,Ut enim ad minim veniam,
959,910,Sed do eiusmod tempor incididunt ut labore et dolore magna aliqua.,
960,162,Lorem ipsum dolor sit amet,
961,474,consectetur adipiscing elit.,
962,616,consectetur adipiscing elit.,
963,380,Sed do eiusmod tempor incididunt ut labore et dolore magna aliqua.,
964,582,Lorem ipsum dolor sit amet,
965,239,Sed do eiusmod tempor incididunt ut labore et dolore magna aliqua.,
966,3,Lorem ipsum dolor sit amet,
967,613,Sed do eiusmod tempor incididunt ut labore et dolore magna aliqua.,
968,803,consectetur adipiscing elit.,
969,822,Ut enim ad minim veniam,
970,118,quis nostrud exercitation ullamco laboris nisi ut aliquip ex ea commodo consequat.,
971,722,Ut enim ad minim veniam,
972,323,Lorem ipsum dolor sit amet,
973,749,Sed do eiusmod tempor incididunt ut labore et dolore magna aliqua.,
974,597,Sed do eiusmod tempor incididunt ut labore et dolore magna aliqua.,
975,808,quis nostrud exercitation ullamco laboris nisi ut aliquip ex ea commodo consequat.,
976,853,Sed do eiusmod tempor incididunt ut labore et dolore magna aliqua.,
977,740,Lorem ipsum dolor sit amet,
978,698,quis nostrud exercitation ullamco laboris nisi ut aliquip ex ea commodo consequat.,
979,924,Sed do eiusmod tempor incididunt ut labore et dolore magna aliqua.,
980,345,quis nostrud exercitation ullamco laboris nisi ut aliquip ex ea commodo consequat.,
981,689,quis nostrud exercitation ullamco laboris nisi ut aliquip ex ea commodo consequat.,
982,465,Ut enim ad minim veniam,
983,971,Lorem ipsum dolor sit amet,
984,149,Lorem ipsum dolor sit amet,
985,464,consectetur adipiscing elit.,
986,359,Sed do eiusmod tempor incididunt ut labore et dolore magna aliqua.,
987,951,Sed do eiusmod tempor incididunt ut labore et dolore magna aliqua.,
988,83,Sed do eiusmod tempor incididunt ut labore et dolore magna aliqua.,
989,230,Ut enim ad minim veniam,
990,132,Lorem ipsum dolor sit amet,
991,104,Sed do eiusmod tempor incididunt ut labore et dolore magna aliqua.,
992,928,Lorem ipsum dolor sit amet,
993,723,consectetur adipiscing elit.,
994,906,Ut enim ad minim veniam,
995,747,Sed do eiusmod tempor incididunt ut labore et dolore magna aliqua.,
996,537,Sed do eiusmod tempor incididunt ut labore et dolore magna aliqua.,
997,649,quis nostrud exercitation ullamco laboris nisi ut aliquip ex ea commodo consequat.,
998,46,quis nostrud exercitation ullamco laboris nisi ut aliquip ex ea commodo consequat.,
999,790,consectetur adipiscing elit.,
1000,660,Lorem ipsum dolor sit amet,
